visitId,mrn,provider,date,durationMins,status
V1001,MRN00042,K. Rao,2026-08-10,45,COMPLETED
V1002,MRN00043,K. Rao,2026-08-10,30,COMPLETED
V1003,MRN00044,L. Byrne,2026-08-10,60,COMPLETED
V1004,MRN00045,L. Byrne,2026-08-10,25,CANCELLED
V1005,MRN00046,P. Adeyemi,2026-08-10,90,COMPLETED
V1006,MRN00047,P. Adeyemi,2026-08-10,40,NO_SHOW
V1007,MRN00048,D. Marchetti,2026-08-10,55,COMPLETED
V1008,MRN00049,K. Rao,2026-08-11,35,COMPLETED
V1009,MRN00050,K. Rao,2026-08-11,50,COMPLETED
V1010,MRN00051,L. Byrne,2026-08-11,75,COMPLETED
V1011,MRN00052,L. Byrne,2026-08-11,20,CANCELLED
V1012,MRN00053,P. Adeyemi,2026-08-11,65,COMPLETED
V1013,MRN00054,D. Marchetti,2026-08-11,45,COMPLETED
V1014,MRN00055,D. Marchetti,2026-08-11,30,NO_SHOW
V1015,MRN00056,K. Rao,2026-08-12,40,COMPLETED
V1016,MRN00057,K. Rao,2026-08-12,85,COMPLETED
V1017,MRN00058,L. Byrne,2026-08-12,55,COMPLETED
V1018,MRN00059,P. Adeyemi,2026-08-12,35,COMPLETED
V1019,MRN00060,P. Adeyemi,2026-08-12,45,CANCELLED
V1020,MRN00061,D. Marchetti,2026-08-12,70,COMPLETED
V1021,MRN00062,K. Rao,2026-08-13,60,COMPLETED
V1022,MRN00063,L. Byrne,2026-08-13,25,COMPLETED
V1023,MRN00064,L. Byrne,2026-08-13,95,COMPLETED
V1024,MRN00065,L. Byrne,2026-08-13,30,NO_SHOW
V1025,MRN00066,P. Adeyemi,2026-08-13,50,COMPLETED
V1026,MRN00067,D. Marchetti,2026-08-13,40,COMPLETED
V1027,MRN00042,K. Rao,2026-08-14,45,COMPLETED
V1028,MRN00044,K. Rao,2026-08-14,55,CANCELLED
V1029,MRN00046,L. Byrne,2026-08-14,80,COMPLETED
V1030,MRN00048,L. Byrne,2026-08-14,35,COMPLETED
V1031,MRN00050,P. Adeyemi,2026-08-14,60,COMPLETED
V1032,MRN00052,P. Adeyemi,2026-08-14,25,COMPLETED
V1033,MRN00054,D. Marchetti,2026-08-14,50,COMPLETED
V1034,MRN00056,D. Marchetti,2026-08-14,45,COMPLETED
V1035,MRN00058,K. Rao,2026-08-14,30,NO_SHOW
V1036,MRN00060,L. Byrne,2026-08-14,65,COMPLETED
V1037,MRN00062,P. Adeyemi,2026-08-14,40,COMPLETED
V1038,MRN00064,D. Marchetti,2026-08-14,55,CANCELLED
V1039,MRN00066,K. Rao,2026-08-14,70,COMPLETED
V1040,MRN00043,L. Byrne,2026-08-14,20,COMPLETED
